NO,쿠팡 파트너스 링크,상황 태그,상품명,상품 한줄설명,상품 이미지 URL,이미지 상태
1,https://link.coupang.com/a/g9VxZ61iiy,,,,,,
2,https://link.coupang.com/a/g9VyDN9QPc,,,,,,
3,https://link.coupang.com/a/g9VzfItS4y,,,,,,
4,https://link.coupang.com/a/g9VAzjIfBc,,,,,,
5,https://link.coupang.com/a/g9VBsWwxY4,,,,,,
6,https://link.coupang.com/a/g9VB2kZEqG,,,,,,
7,https://link.coupang.com/a/g9VCw8tgqG,,,,,,
8,https://link.coupang.com/a/g9VCZ6YiOb,,,,,,
9,https://link.coupang.com/a/g9VDAt2iKO,,,,,,
10,https://link.coupang.com/a/g9VEld2r0e,,,,,,
11,https://link.coupang.com/a/g9VEUc68VE,,,,,,
12,https://link.coupang.com/a/g9VFDFkpwW,,,,,,
13,https://link.coupang.com/a/g9VGkf0IA8,,,,,,
14,https://link.coupang.com/a/g9VGXNEoTc,,,,,,
15,https://link.coupang.com/a/g9VHNdJFw4,,,,,,
16,https://link.coupang.com/a/g9VIYamuY0,,,,,,
17,https://link.coupang.com/a/g9VJAacNNc,,,,,,
18,https://link.coupang.com/a/g9VKfNg7G0,,,,,,
19,https://link.coupang.com/a/g9VKPghAmO,,,,,,
20,https://link.coupang.com/a/g9VLmowCHI,,,,,,
21,https://link.coupang.com/a/g9VLWsILgP,,,,,,
22,https://link.coupang.com/a/g9VMy7h2tx,,,,,,
23,https://link.coupang.com/a/g9VNqf7RgO,,,,,,
24,https://link.coupang.com/a/g9VNRSajYG,,,,,,
25,https://link.coupang.com/a/g9VOrMiBTV,,,,,,
26,https://link.coupang.com/a/g9VO1YQMtE,,,,,,
27,https://link.coupang.com/a/g9VPC90ZWK,,,,,,
28,https://link.coupang.com/a/g9VQa64sp2,,,,,,
29,https://link.coupang.com/a/g9VQX0uwvs,,,,,,
30,https://link.coupang.com/a/g9VRwVyMOi,,,,,,
31,https://link.coupang.com/a/g9VR92V6NE,,,,,,
32,https://link.coupang.com/a/g9VTdZY7PM,,,,,,
33,https://link.coupang.com/a/g9VTGjB9kO,,,,,,
34,https://link.coupang.com/a/g9VUasneDY,,,,,,
35,https://link.coupang.com/a/g9VUBVkK2C,,,,,,
36,https://link.coupang.com/a/g9VU8r6Kc0,,,,,,
37,https://link.coupang.com/a/g9VVPqcuJM,,,,,,
38,https://link.coupang.com/a/g9VWEqKNdk,,,,,,
39,https://link.coupang.com/a/g9VXhENHPg,,,,,,
40,https://link.coupang.com/a/g9VYSaa2to,,,,,,
41,https://link.coupang.com/a/g9VZjUbaeq,,,,,,
42,https://link.coupang.com/a/g9VZNwhH1E,,,,,,
43,https://link.coupang.com/a/g9V0gAS6Ds,,,,,,
44,https://link.coupang.com/a/g9V0KzY9XU,,,,,,
45,https://link.coupang.com/a/g9V1vcJ4CW,,,,,,
46,https://link.coupang.com/a/g9V12MePiS,,,,,,
47,https://link.coupang.com/a/g9V2LiyAVw,,,,,,
48,https://link.coupang.com/a/g9V3gZw1L2,,,,,,
49,https://link.coupang.com/a/g9V4jxzKwu,,,,,,
50,https://link.coupang.com/a/g9V5dbN2yG,,,,,,
51,https://link.coupang.com/a/g9V5RgdHKC,,,,,,
52,https://link.coupang.com/a/g9V6BV6cQm,,,,,,
53,https://link.coupang.com/a/g9V7rnKJtk,,,,,,
54,https://link.coupang.com/a/g9V8ahmjrU,,,,,,
55,https://link.coupang.com/a/g9V8KJgRQO,,,,,,
56,https://link.coupang.com/a/g9V9ugSvVk,,,,,,
57,https://link.coupang.com/a/g9V9YApcMC,,,,,,
58,https://link.coupang.com/a/g9WaszMRe8,,,,,,
59,https://link.coupang.com/a/g9Wa0dxAR2,,,,,,
60,https://link.coupang.com/a/g9WbGfKx6O,,,,,,
61,https://link.coupang.com/a/g9WcxoyxXg,,,,,,
62,https://link.coupang.com/a/g9Wc2BZZAq,,,,,,
63,https://link.coupang.com/a/g9WdV4azvM,,,,,,
64,https://link.coupang.com/a/g9WeAyrkDA,,,,,,
65,https://link.coupang.com/a/g9WfmCiUTI,,,,,,
66,https://link.coupang.com/a/g9WgewxiH6,,,,,,
67,https://link.coupang.com/a/g9WgJRvz3I,,,,,,
68,https://link.coupang.com/a/g9WhdmwO9Q,,,,,,
69,https://link.coupang.com/a/g9WhHk2wPQ,,,,,,
70,https://link.coupang.com/a/g9Wic5pryu,,,,,,
71,https://link.coupang.com/a/g9WiJ20LqS,,,,,,
72,https://link.coupang.com/a/g9Wjxr4b24,,,,,,
73,https://link.coupang.com/a/g9WkglGFq0,,,,,,
74,https://link.coupang.com/a/g9WkQ7Spjg,,,,,,
75,https://link.coupang.com/a/g9WlJwaFOu,,,,,,
76,https://link.coupang.com/a/g9WmBdcs9Y,,,,,,
77,https://link.coupang.com/a/g9WnvZopZk,,,,,,
78,https://link.coupang.com/a/g9Wn16tWNM,,,,,,
79,https://link.coupang.com/a/g9WoBwe9N6,,,,,,
80,https://link.coupang.com/a/g9Wo4ubdMi,,,,,,
81,https://link.coupang.com/a/g9WpxZr1cO,,,,,,
82,https://link.coupang.com/a/g9Wp5IA8iW,,,,,,
83,https://link.coupang.com/a/g9WqIQYiaq,,,,,,
84,https://link.coupang.com/a/g9Wrr6zjXg,,,,,,
85,https://link.coupang.com/a/g9Wr9s4Nwq,,,,,,
86,https://link.coupang.com/a/g9WsNLG6Ue,,,,,,
87,https://link.coupang.com/a/g9WtkVDJ1w,,,,,,
88,https://link.coupang.com/a/g9Wupj4Ak8,,,,,,
89,https://link.coupang.com/a/g9WvHru4s0,,,,,,
90,https://link.coupang.com/a/g9WwaWeIq4,,,,,,
91,https://link.coupang.com/a/g9Ww92EVCS,,,,,,
92,https://link.coupang.com/a/g9WxB8NLwW,,,,,,
93,https://link.coupang.com/a/g9Wx7wLivY,,,,,,
94,https://link.coupang.com/a/g9WyNiU0qG,,,,,,
95,https://link.coupang.com/a/g9Wzpm9CY8,,,,,,
96,https://link.coupang.com/a/g9Wz2Npv2G,,,,,,
97,https://link.coupang.com/a/g9WAzfeqUn,,,,,,
98,https://link.coupang.com/a/g9WBbBLgSy,,,,,,
99,https://link.coupang.com/a/g9WBMUASIe,,,,,,
100,https://link.coupang.com/a/g9WCpJxqDI,,,,,,
101,https://link.coupang.com/a/g9WDYlWEr6,,,,,,
102,https://link.coupang.com/a/g9WEq1qMX6,,,,,,
103,https://link.coupang.com/a/g9WEVViCjs,,,,,,
104,https://link.coupang.com/a/g9WFqdGUEu,,,,,,
105,https://link.coupang.com/a/g9WF3tji6m,,,,,,
106,https://link.coupang.com/a/g9WGA8Dwzc,,,,,,
107,https://link.coupang.com/a/g9WIaYgrQG,,,,,,
108,https://link.coupang.com/a/g9WIGehdbU,,,,,,
109,https://link.coupang.com/a/g9WI6ZwXgi,,,,,,
110,https://link.coupang.com/a/g9WJAr84wC,,,,,,
111,https://link.coupang.com/a/g9WJ7nsrYa,,,,,,
112,https://link.coupang.com/a/g9WKzw1CPk,,,,,,
113,https://link.coupang.com/a/g9WNhKlnXM,,,,,,
114,https://link.coupang.com/a/g9WNZFBADA,,,,,,
115,https://link.coupang.com/a/g9WPpNlILk,,,,,,
116,https://link.coupang.com/a/g9WPSJiOFU,,,,,,
117,https://link.coupang.com/a/g9WQpzE7OK,,,,,,
118,https://link.coupang.com/a/g9WQW0uqo8,,,,,,
119,https://link.coupang.com/a/g9WRsKSgFg,,,,,,
120,https://link.coupang.com/a/g9WSeKDz0S,,,,,,
121,https://link.coupang.com/a/g9WSM0HWlE,,,,,,
122,https://link.coupang.com/a/g9WUmCKRSm,,,,,,
123,https://link.coupang.com/a/g9WURSjovA,,,,,,
124,https://link.coupang.com/a/g9WVvWSj2i,,,,,,
125,https://link.coupang.com/a/g9WWnvGT0e,,,,,,
126,https://link.coupang.com/a/g9WWR5n3IG,,,,,,
127,https://link.coupang.com/a/g9WXmjO7C8,,,,,,
128,https://link.coupang.com/a/g9WXPh2MJo,,,,,,
129,https://link.coupang.com/a/g9WYirsGZM,,,,,,
130,https://link.coupang.com/a/g9WYK3HlZs,,,,,,
131,https://link.coupang.com/a/g9WZlu0rtI,,,,,,
132,https://link.coupang.com/a/g9W0hkul4K,,,,,,
133,https://link.coupang.com/a/g9W1EhOh2G,,,,,,
134,https://link.coupang.com/a/g9W18HzVUy,,,,,,
135,https://link.coupang.com/a/g9W2HvrVYa,,,,,,
136,https://link.coupang.com/a/g9W3beDiCG,,,,,,
137,https://link.coupang.com/a/g9W3FzzLhs,,,,,,
138,https://link.coupang.com/a/g9W4c36L6a,,,,,,
139,https://link.coupang.com/a/g9W40gXr7A,,,,,,
140,https://link.coupang.com/a/g9W5A4hAv6,,,,,,
141,https://link.coupang.com/a/g9W6dPnDIi,,,,,,
142,https://link.coupang.com/a/g9W6SsJk9k,,,,,,
143,https://link.coupang.com/a/g9W7EWJoCy,,,,,,
144,https://link.coupang.com/a/g9W8q3iDn2,,,,,,
145,https://link.coupang.com/a/g9W8RBMqBw,,,,,,
146,https://link.coupang.com/a/g9W9kXhcm4,,,,,,
147,https://link.coupang.com/a/g9W9LZRoUS,,,,,,
148,https://link.coupang.com/a/g9Xabzjrau,,,,,,
149,https://link.coupang.com/a/g9XaINer6G,,,,,,
150,https://link.coupang.com/a/g9Xbew256G,,,,,,
151,https://link.coupang.com/a/g9XbL2QQeW,,,,,,
152,https://link.coupang.com/a/g9XcFP2plA,,,,,,
153,https://link.coupang.com/a/g9XdiuRUrc,,,,,,
154,https://link.coupang.com/a/g9XeAHoW3o,,,,,,
155,https://link.coupang.com/a/g9XfbpLzrw,,,,,,
